metric,value
accuracy,0.7975460122699386
precision_class_0,0.7921686746987951
recall_class_0,0.8067484662576687
f1_class_0,0.7993920972644377
support_class_0,652.0
precision_class_1,0.803125
recall_class_1,0.7883435582822086
f1_class_1,0.7956656346749226
support_class_1,652.0
f1_macro,0.7975288659696802
f1_weighted,0.7975288659696802
roc_auc,0.8769065922691859
