metric,value
accuracy,0.8113496932515337
precision_class_0,0.8011869436201781
recall_class_0,0.8282208588957055
f1_class_0,0.8144796380090498
support_class_0,652.0
precision_class_1,0.8222222222222222
recall_class_1,0.7944785276073619
f1_class_1,0.8081123244929798
support_class_1,652.0
f1_macro,0.8112959812510148
f1_weighted,0.8112959812510148
roc_auc,0.8823064473634686
roc_auc_class_0,0.8823064473634686
roc_auc_class_1,0.8823064473634686
