metric,value
accuracy,0.7676380368098159
precision_class_0,0.7722308892355694
recall_class_0,0.75920245398773
f1_class_0,0.765661252900232
support_class_0,652.0
precision_class_1,0.7631975867269984
recall_class_1,0.7760736196319018
f1_class_1,0.7695817490494297
support_class_1,652.0
f1_macro,0.7676215009748308
f1_weighted,0.7676215009748308
roc_auc,0.8517127573487902
