metric,value
accuracy,0.7730061349693251
precision_class_0,0.7789968652037618
recall_class_0,0.7622699386503068
f1_class_0,0.7705426356589147
support_class_0,652.0
precision_class_1,0.7672672672672672
recall_class_1,0.7837423312883436
f1_class_1,0.7754172989377845
support_class_1,652.0
f1_macro,0.7729799672983496
f1_weighted,0.7729799672983496
roc_auc,0.8560846287026234
