metric,value
accuracy,0.7975460122699386
precision_class_0,0.7747875354107648
recall_class_0,0.838957055214724
f1_class_0,0.8055964653902798
support_class_0,652.0
precision_class_1,0.8244147157190636
recall_class_1,0.7561349693251533
f1_class_1,0.7888
support_class_1,652.0
f1_macro,0.7971982326951399
f1_weighted,0.7971982326951399
roc_auc,0.865644642252249
roc_auc_class_0,0.8656446422522489
roc_auc_class_1,0.865644642252249
