metric,value
accuracy,0.7806748466257669
precision_class_0,0.7886435331230284
recall_class_0,0.7668711656441718
f1_class_0,0.7776049766718507
support_class_0,652.0
precision_class_1,0.7731343283582089
recall_class_1,0.7944785276073619
f1_class_1,0.783661119515885
support_class_1,652.0
f1_macro,0.7806330480938679
f1_weighted,0.7806330480938679
roc_auc,0.8654188151605253
