metric,value
accuracy,0.7875766871165644
precision_class_0,0.7990430622009569
recall_class_0,0.7684049079754601
f1_class_0,0.7834245504300235
support_class_0,652.0
precision_class_1,0.7769571639586411
recall_class_1,0.8067484662576687
f1_class_1,0.7915726109857035
support_class_1,652.0
f1_macro,0.7874985807078635
f1_weighted,0.7874985807078634
roc_auc,0.8631158492980542
roc_auc_class_0,0.8631158492980542
roc_auc_class_1,0.8631158492980542
