metric,value
accuracy,0.7469325153374233
precision_class_0,0.7523510971786834
recall_class_0,0.7361963190184049
f1_class_0,0.7441860465116279
support_class_0,652.0
precision_class_1,0.7417417417417418
recall_class_1,0.7576687116564417
f1_class_1,0.7496206373292867
support_class_1,652.0
f1_macro,0.7469033419204574
f1_weighted,0.7469033419204574
roc_auc,0.8295334788663481
roc_auc_class_0,0.829533478866348
roc_auc_class_1,0.8295334788663481
