metric,value
accuracy,0.7392638036809815
precision_class_0,0.7414860681114551
recall_class_0,0.7346625766871165
f1_class_0,0.7380585516178737
support_class_0,652.0
precision_class_1,0.7370820668693009
recall_class_1,0.7438650306748467
f1_class_1,0.7404580152671756
support_class_1,652.0
f1_macro,0.7392582834425246
f1_weighted,0.7392582834425246
roc_auc,0.8029435149986827
roc_auc_class_0,0.8029435149986827
roc_auc_class_1,0.8029435149986827
