metric,value
accuracy,0.7377300613496932
precision_class_0,0.7391975308641975
recall_class_0,0.7346625766871165
f1_class_0,0.7369230769230769
support_class_0,652.0
precision_class_1,0.7362804878048781
recall_class_1,0.74079754601227
f1_class_1,0.7385321100917431
support_class_1,652.0
f1_macro,0.73772759350741
f1_weighted,0.73772759350741
roc_auc,0.8075235707026986
