metric,value
accuracy,0.7047546012269938
precision_class_0,0.7476808905380334
recall_class_0,0.6180981595092024
f1_class_0,0.6767422334172963
support_class_0,652.0
precision_class_1,0.6745098039215687
recall_class_1,0.7914110429447853
f1_class_1,0.7282992237120678
support_class_1,652.0
f1_macro,0.7025207285646821
f1_weighted,0.7025207285646821
roc_auc,0.7853631111445669
