metric,value
accuracy,0.7200920245398773
precision_class_0,0.7303370786516854
recall_class_0,0.6978527607361963
f1_class_0,0.7137254901960784
support_class_0,652.0
precision_class_1,0.71071953010279
recall_class_1,0.7423312883435583
f1_class_1,0.7261815453863466
support_class_1,652.0
f1_macro,0.7199535177912125
f1_weighted,0.7199535177912125
roc_auc,0.7821144943355037
roc_auc_class_0,0.7821144943355037
roc_auc_class_1,0.7821144943355037
