metric,value
accuracy,0.8190184049079755
precision_class_0,0.8180428134556575
recall_class_0,0.8205521472392638
f1_class_0,0.8192955589586524
support_class_0,652.0
precision_class_1,0.82
recall_class_1,0.8174846625766872
f1_class_1,0.8187403993855606
support_class_1,652.0
f1_macro,0.8190179791721065
f1_weighted,0.8190179791721064
roc_auc,0.8840530787760171
roc_auc_class_0,0.8840530787760171
roc_auc_class_1,0.8840530787760171
