metric,value
accuracy,0.75
precision_class_0,0.7579113924050633
recall_class_0,0.7346625766871165
f1_class_0,0.7461059190031153
support_class_0,652.0
precision_class_1,0.7425595238095238
recall_class_1,0.7653374233128835
f1_class_1,0.7537764350453172
support_class_1,652.0
f1_macro,0.7499411770242163
f1_weighted,0.7499411770242161
roc_auc,0.8254568293876323
roc_auc_class_0,0.8254568293876322
roc_auc_class_1,0.8254568293876323
