metric,value
accuracy,0.7523006134969326
precision_class_0,0.7566302652106084
recall_class_0,0.7438650306748467
f1_class_0,0.7501933488012374
support_class_0,652.0
precision_class_1,0.7481146304675717
recall_class_1,0.7607361963190185
f1_class_1,0.7543726235741445
support_class_1,652.0
f1_macro,0.752282986187691
f1_weighted,0.752282986187691
roc_auc,0.8230927020211525
