metric,value
accuracy,0.7684049079754601
precision_class_0,0.7813504823151125
recall_class_0,0.745398773006135
f1_class_0,0.7629513343799058
support_class_0,652.0
precision_class_1,0.7565982404692082
recall_class_1,0.7914110429447853
f1_class_1,0.7736131934032984
support_class_1,652.0
f1_macro,0.768282263891602
f1_weighted,0.768282263891602
roc_auc,0.8436947194098385
roc_auc_class_0,0.8436947194098385
roc_auc_class_1,0.8436947194098385
