metric,value
accuracy,0.7822085889570553
precision_class_0,0.804635761589404
recall_class_0,0.745398773006135
f1_class_0,0.7738853503184714
support_class_0,652.0
precision_class_1,0.7628571428571429
recall_class_1,0.8190184049079755
f1_class_1,0.7899408284023669
support_class_1,652.0
f1_macro,0.7819130893604191
f1_weighted,0.7819130893604193
roc_auc,0.8504471846889231
