metric,value
accuracy,0.8144171779141104
precision_class_0,0.8078078078078078
recall_class_0,0.8251533742331288
f1_class_0,0.8163884673748103
support_class_0,652.0
precision_class_1,0.8213166144200627
recall_class_1,0.803680981595092
f1_class_1,0.8124031007751938
support_class_1,652.0
f1_macro,0.814395784075002
f1_weighted,0.8143957840750021
roc_auc,0.8890295080733186
roc_auc_class_0,0.8890295080733186
roc_auc_class_1,0.8890295080733186
