metric,value
accuracy,0.7269938650306749
precision_class_0,0.7371794871794872
recall_class_0,0.7055214723926381
f1_class_0,0.7210031347962382
support_class_0,652.0
precision_class_1,0.7176470588235294
recall_class_1,0.7484662576687117
f1_class_1,0.7327327327327328
support_class_1,652.0
f1_macro,0.7268679337644854
f1_weighted,0.7268679337644854
roc_auc,0.8044407956641199
