metric,value
accuracy,0.8228527607361963
precision_class_0,0.8137108792846498
recall_class_0,0.8374233128834356
f1_class_0,0.8253968253968254
support_class_0,652.0
precision_class_1,0.8325434439178515
recall_class_1,0.808282208588957
f1_class_1,0.8202334630350194
support_class_1,652.0
f1_macro,0.8228151442159224
f1_weighted,0.8228151442159224
roc_auc,0.8937177725921187
roc_auc_class_0,0.8937177725921186
roc_auc_class_1,0.8937177725921187
