metric,value
accuracy,0.8052147239263804
precision_class_0,0.8052147239263804
recall_class_0,0.8052147239263804
f1_class_0,0.8052147239263804
support_class_0,652.0
precision_class_1,0.8052147239263804
recall_class_1,0.8052147239263804
f1_class_1,0.8052147239263804
support_class_1,652.0
f1_macro,0.8052147239263804
f1_weighted,0.8052147239263804
roc_auc,0.877373536828635
roc_auc_class_0,0.8773735368286348
roc_auc_class_1,0.877373536828635
