metric,value
accuracy,0.8044478527607362
precision_class_0,0.796711509715994
recall_class_0,0.8174846625766872
f1_class_0,0.8069644208932627
support_class_0,652.0
precision_class_1,0.8125984251968504
recall_class_1,0.7914110429447853
f1_class_1,0.8018648018648019
support_class_1,652.0
f1_macro,0.8044146113790323
f1_weighted,0.8044146113790324
roc_auc,0.8769712823215026
