metric,value
accuracy,0.786042944785276
precision_class_0,0.7873651771956857
recall_class_0,0.7837423312883436
f1_class_0,0.7855495772482706
support_class_0,652.0
precision_class_1,0.7847328244274809
recall_class_1,0.7883435582822086
f1_class_1,0.7865340474368784
support_class_1,652.0
f1_macro,0.7860418123425745
f1_weighted,0.7860418123425743
roc_auc,0.8615538785803003
roc_auc_class_0,0.8615538785803003
roc_auc_class_1,0.8615538785803003
