metric,value
accuracy,0.7753067484662577
precision_class_0,0.7826771653543307
recall_class_0,0.7622699386503068
f1_class_0,0.7723387723387724
support_class_0,652.0
precision_class_1,0.7683109118086696
recall_class_1,0.7883435582822086
f1_class_1,0.7781983345950038
support_class_1,652.0
f1_macro,0.775268553466888
f1_weighted,0.775268553466888
roc_auc,0.8577312845797733
