metric,value
accuracy,0.7553680981595092
precision_class_0,0.7622047244094489
recall_class_0,0.7423312883435583
f1_class_0,0.7521367521367521
support_class_0,652.0
precision_class_1,0.7488789237668162
recall_class_1,0.7684049079754601
f1_class_1,0.7585162755488266
support_class_1,652.0
f1_macro,0.7553265138427894
f1_weighted,0.7553265138427895
roc_auc,0.8215495502277089
