metric,value
accuracy,0.74079754601227
precision_class_0,0.7516025641025641
recall_class_0,0.7193251533742331
f1_class_0,0.7351097178683386
support_class_0,652.0
precision_class_1,0.7308823529411764
recall_class_1,0.7622699386503068
f1_class_1,0.7462462462462462
support_class_1,652.0
f1_macro,0.7406779820572924
f1_weighted,0.7406779820572924
roc_auc,0.8184891226617487
roc_auc_class_0,0.8184891226617487
roc_auc_class_1,0.8184891226617487
