metric,value
accuracy,0.808282208588957
precision_class_0,0.8018018018018018
recall_class_0,0.8190184049079755
f1_class_0,0.8103186646433991
support_class_0,652.0
precision_class_1,0.8150470219435737
recall_class_1,0.7975460122699386
f1_class_1,0.8062015503875969
support_class_1,652.0
f1_macro,0.808260107515498
f1_weighted,0.8082601075154979
roc_auc,0.8863195829726374
