metric,value
accuracy,0.816717791411043
precision_class_0,0.8077496274217586
recall_class_0,0.8312883435582822
f1_class_0,0.8193499622071051
support_class_0,652.0
precision_class_1,0.8262243285939969
recall_class_1,0.8021472392638037
f1_class_1,0.8140077821011673
support_class_1,652.0
f1_macro,0.8166788721541363
f1_weighted,0.8166788721541361
roc_auc,0.8845294327976213
roc_auc_class_0,0.8845294327976211
roc_auc_class_1,0.8845294327976213
