fold,accuracy,precision_class_0,recall_class_0,f1_class_0,support_class_0,precision_class_1,recall_class_1,f1_class_1,support_class_1,f1_macro,f1_weighted,roc_auc
5.5,0.8291411042944785,0.8175235707862767,0.8478527607361965,0.8322731918942381,326.0,0.8421404309607021,0.8104294478527608,0.8258206566397815,326.0,0.8290469242670098,0.8290469242670098,0.9055393503707329
