fold,accuracy,precision_class_0,recall_class_0,f1_class_0,support_class_0,precision_class_1,recall_class_1,f1_class_1,support_class_1,f1_macro,f1_weighted,roc_auc,roc_auc_class_0,roc_auc_class_1
5.5,0.8283742331288343,0.8152118569744481,0.85,0.8320951035838181,326.0,0.843234050291614,0.8067484662576687,0.8244114758931682,326.0,0.8282532897384932,0.8282532897384932,0.9055468779404571,0.9055468779404571,0.9055468779404571
