metric,value
accuracy,0.8190184049079755
precision_class_0,0.8095238095238095
recall_class_0,0.8343558282208589
f1_class_0,0.8217522658610272
support_class_0,652.0
precision_class_1,0.8291139240506329
recall_class_1,0.803680981595092
f1_class_1,0.8161993769470405
support_class_1,652.0
f1_macro,0.8189758214040339
f1_weighted,0.8189758214040339
roc_auc,0.8843365388234409
roc_auc_class_0,0.8843365388234408
roc_auc_class_1,0.8843365388234409
