metric,value
accuracy,0.7898773006134969
precision_class_0,0.7898773006134969
recall_class_0,0.7898773006134969
f1_class_0,0.7898773006134969
support_class_0,652.0
precision_class_1,0.7898773006134969
recall_class_1,0.7898773006134969
f1_class_1,0.7898773006134969
support_class_1,652.0
f1_macro,0.7898773006134969
f1_weighted,0.7898773006134969
roc_auc,0.8695260453912455
