metric,value
accuracy,0.7461656441717791
precision_class_0,0.7535545023696683
recall_class_0,0.7315950920245399
f1_class_0,0.7424124513618677
support_class_0,652.0
precision_class_1,0.7391952309985097
recall_class_1,0.7607361963190185
f1_class_1,0.7498110355253212
support_class_1,652.0
f1_macro,0.7461117434435944
f1_weighted,0.7461117434435945
roc_auc,0.826644773984719
