metric,value
accuracy,0.7415644171779141
precision_class_0,0.7560975609756098
recall_class_0,0.7131901840490797
f1_class_0,0.734017363851618
support_class_0,652.0
precision_class_1,0.7285921625544267
recall_class_1,0.7699386503067485
f1_class_1,0.7486950037285608
support_class_1,652.0
f1_macro,0.7413561837900894
f1_weighted,0.7413561837900894
roc_auc,0.8207756219654485
roc_auc_class_0,0.8207756219654484
roc_auc_class_1,0.8207756219654485
