metric,value
accuracy,0.7730061349693251
precision_class_0,0.7746913580246914
recall_class_0,0.7699386503067485
f1_class_0,0.7723076923076924
support_class_0,652.0
precision_class_1,0.7713414634146342
recall_class_1,0.7760736196319018
f1_class_1,0.7737003058103975
support_class_1,652.0
f1_macro,0.7730039990590449
f1_weighted,0.7730039990590449
roc_auc,0.8455236836162445
roc_auc_class_0,0.8455236836162444
roc_auc_class_1,0.8455236836162445
