metric,value
accuracy,0.7446319018404908
precision_class_0,0.750392464678179
recall_class_0,0.7331288343558282
f1_class_0,0.7416602017067494
support_class_0,652.0
precision_class_1,0.7391304347826086
recall_class_1,0.7561349693251533
f1_class_1,0.7475360121304018
support_class_1,652.0
f1_macro,0.7445981069185756
f1_weighted,0.7445981069185756
roc_auc,0.8357037336745832
