metric,value
accuracy,0.7461656441717791
precision_class_0,0.7551669316375199
recall_class_0,0.7285276073619632
f1_class_0,0.741608118657299
support_class_0,652.0
precision_class_1,0.7377777777777778
recall_class_1,0.7638036809815951
f1_class_1,0.7505651846269782
support_class_1,652.0
f1_macro,0.7460866516421386
f1_weighted,0.7460866516421386
roc_auc,0.817322349354511
