metric,value
accuracy,0.7829754601226994
precision_class_0,0.8049586776859504
recall_class_0,0.7469325153374233
f1_class_0,0.7748607796340493
support_class_0,652.0
precision_class_1,0.7639484978540773
recall_class_1,0.8190184049079755
f1_class_1,0.7905255366395263
support_class_1,652.0
f1_macro,0.7826931581367877
f1_weighted,0.7826931581367877
roc_auc,0.8587333922992962
roc_auc_class_0,0.8587333922992962
roc_auc_class_1,0.8587333922992962
