metric,value
accuracy,0.8136503067484663
precision_class_0,0.808446455505279
recall_class_0,0.8220858895705522
f1_class_0,0.8152091254752851
support_class_0,652.0
precision_class_1,0.8190327613104524
recall_class_1,0.8052147239263804
f1_class_1,0.8120649651972158
support_class_1,652.0
f1_macro,0.8136370453362505
f1_weighted,0.8136370453362505
roc_auc,0.8873193383266212
