metric,value
accuracy,0.8059815950920245
precision_class_0,0.8
recall_class_0,0.8159509202453987
f1_class_0,0.8078967350037966
support_class_0,652.0
precision_class_1,0.812206572769953
recall_class_1,0.7960122699386503
f1_class_1,0.8040278853601859
support_class_1,652.0
f1_macro,0.8059623101819913
f1_weighted,0.8059623101819912
roc_auc,0.8831979939026685
roc_auc_class_0,0.8831979939026686
roc_auc_class_1,0.8831979939026685
